<sources>
    <programs>
        <default pathversion="1"></default>
    </programs>
    <video>
        <default pathversion="1"></default>
    </video>
    <music>
        <default pathversion="1"></default>
    </music>
    <pictures>
        <default pathversion="1"></default>
    </pictures>
    <files>
        <default pathversion="1"></default>
        <source>
            <name>Anh Thăng</name>
            <path pathversion="1">https://thangmath.github.io/</path>
            <allowsharing>true</allowsharing>
        </source>
        <source>
            <name>Bộ nhớ máy</name>
            <path pathversion="1">/storage/emulated/0/</path>
            <allowsharing>true</allowsharing>
        </source>
        <source>
            <name>Dữ liệu Kodi</name>
            <path pathversion="1">special://home/</path>
            <allowsharing>true</allowsharing>
        </source>
        <source>
            <name>w.Dữ liệu Ddns/</name>
            <path pathversion="1">https://kodi.ddns.vn/</path>
            <allowsharing>true</allowsharing>
        </source>
        <source>
            <name>w.Dữ liệu trên kho Kodi</name>
            <path pathversion="1">https://mirror.accum.se/mirror/xbmc.org/</path>
            <allowsharing>true</allowsharing>
        </source>
    </files>
    <games>
        <default pathversion="1"></default>
    </games>
</sources>
