<decoderfilter>
    <filter>
        <name>OMX.allwinner.video.decoder.avc</name>
        <allowed>true</allowed>
        <stills-allowed>false</stills-allowed>
        <dvd-allowed>true</dvd-allowed>
        <min-height>0</min-height>
    </filter>
    <filter>
        <name>OMX.allwinner.video.decoder.h263</name>
        <allowed>true</allowed>
        <stills-allowed>false</stills-allowed>
        <dvd-allowed>true</dvd-allowed>
        <min-height>720</min-height>
    </filter>
    <filter>
        <name>OMX.allwinner.video.decoder.hevc</name>
        <allowed>true</allowed>
        <stills-allowed>false</stills-allowed>
        <dvd-allowed>true</dvd-allowed>
        <min-height>0</min-height>
    </filter>
    <filter>
        <name>OMX.allwinner.video.decoder.mpeg2</name>
        <allowed>true</allowed>
        <stills-allowed>false</stills-allowed>
        <dvd-allowed>true</dvd-allowed>
        <min-height>720</min-height>
    </filter>
    <filter>
        <name>OMX.allwinner.video.decoder.mpeg4</name>
        <allowed>true</allowed>
        <stills-allowed>false</stills-allowed>
        <dvd-allowed>true</dvd-allowed>
        <min-height>720</min-height>
    </filter>
    <filter>
        <name>OMX.allwinner.video.decoder.vp8</name>
        <allowed>true</allowed>
        <stills-allowed>false</stills-allowed>
        <dvd-allowed>true</dvd-allowed>
        <min-height>0</min-height>
    </filter>
    <filter>
        <name>OMX.allwinner.video.decoder.vp9</name>
        <allowed>true</allowed>
        <stills-allowed>false</stills-allowed>
        <dvd-allowed>true</dvd-allowed>
        <min-height>0</min-height>
    </filter>
    <filter>
        <name>OMX.google.aac.decoder</name>
        <allowed>false</allowed>
        <stills-allowed>false</stills-allowed>
        <dvd-allowed>false</dvd-allowed>
        <min-height>0</min-height>
    </filter>
    <filter>
        <name>OMX.google.amrnb.decoder</name>
        <allowed>false</allowed>
        <stills-allowed>false</stills-allowed>
        <dvd-allowed>false</dvd-allowed>
        <min-height>0</min-height>
    </filter>
    <filter>
        <name>OMX.google.amrwb.decoder</name>
        <allowed>false</allowed>
        <stills-allowed>false</stills-allowed>
        <dvd-allowed>false</dvd-allowed>
        <min-height>0</min-height>
    </filter>
    <filter>
        <name>OMX.google.flac.decoder</name>
        <allowed>false</allowed>
        <stills-allowed>false</stills-allowed>
        <dvd-allowed>false</dvd-allowed>
        <min-height>0</min-height>
    </filter>
    <filter>
        <name>OMX.google.g711.alaw.decoder</name>
        <allowed>false</allowed>
        <stills-allowed>false</stills-allowed>
        <dvd-allowed>false</dvd-allowed>
        <min-height>0</min-height>
    </filter>
    <filter>
        <name>OMX.google.g711.mlaw.decoder</name>
        <allowed>false</allowed>
        <stills-allowed>false</stills-allowed>
        <dvd-allowed>false</dvd-allowed>
        <min-height>0</min-height>
    </filter>
    <filter>
        <name>OMX.google.h263.decoder</name>
        <allowed>false</allowed>
        <stills-allowed>false</stills-allowed>
        <dvd-allowed>false</dvd-allowed>
        <min-height>720</min-height>
    </filter>
    <filter>
        <name>OMX.google.h264.decoder</name>
        <allowed>false</allowed>
        <stills-allowed>false</stills-allowed>
        <dvd-allowed>false</dvd-allowed>
        <min-height>0</min-height>
    </filter>
    <filter>
        <name>OMX.google.hevc.decoder</name>
        <allowed>false</allowed>
        <stills-allowed>false</stills-allowed>
        <dvd-allowed>false</dvd-allowed>
        <min-height>0</min-height>
    </filter>
    <filter>
        <name>OMX.google.mp3.decoder</name>
        <allowed>false</allowed>
        <stills-allowed>false</stills-allowed>
        <dvd-allowed>false</dvd-allowed>
        <min-height>0</min-height>
    </filter>
    <filter>
        <name>OMX.google.mpeg4.decoder</name>
        <allowed>false</allowed>
        <stills-allowed>false</stills-allowed>
        <dvd-allowed>false</dvd-allowed>
        <min-height>720</min-height>
    </filter>
    <filter>
        <name>OMX.google.opus.decoder</name>
        <allowed>false</allowed>
        <stills-allowed>false</stills-allowed>
        <dvd-allowed>false</dvd-allowed>
        <min-height>0</min-height>
    </filter>
    <filter>
        <name>OMX.google.raw.decoder</name>
        <allowed>false</allowed>
        <stills-allowed>false</stills-allowed>
        <dvd-allowed>false</dvd-allowed>
        <min-height>0</min-height>
    </filter>
    <filter>
        <name>OMX.google.vorbis.decoder</name>
        <allowed>false</allowed>
        <stills-allowed>false</stills-allowed>
        <dvd-allowed>false</dvd-allowed>
        <min-height>0</min-height>
    </filter>
    <filter>
        <name>OMX.google.vp8.decoder</name>
        <allowed>false</allowed>
        <stills-allowed>false</stills-allowed>
        <dvd-allowed>false</dvd-allowed>
        <min-height>0</min-height>
    </filter>
    <filter>
        <name>OMX.google.vp9.decoder</name>
        <allowed>false</allowed>
        <stills-allowed>false</stills-allowed>
        <dvd-allowed>false</dvd-allowed>
        <min-height>0</min-height>
    </filter>
    <filter>
        <name>c2.android.aac.decoder</name>
        <allowed>true</allowed>
        <stills-allowed>false</stills-allowed>
        <dvd-allowed>true</dvd-allowed>
        <min-height>0</min-height>
    </filter>
    <filter>
        <name>c2.android.amrnb.decoder</name>
        <allowed>true</allowed>
        <stills-allowed>false</stills-allowed>
        <dvd-allowed>true</dvd-allowed>
        <min-height>0</min-height>
    </filter>
    <filter>
        <name>c2.android.amrwb.decoder</name>
        <allowed>true</allowed>
        <stills-allowed>false</stills-allowed>
        <dvd-allowed>true</dvd-allowed>
        <min-height>0</min-height>
    </filter>
    <filter>
        <name>c2.android.avc.decoder</name>
        <allowed>true</allowed>
        <stills-allowed>false</stills-allowed>
        <dvd-allowed>true</dvd-allowed>
        <min-height>0</min-height>
    </filter>
    <filter>
        <name>c2.android.flac.decoder</name>
        <allowed>true</allowed>
        <stills-allowed>false</stills-allowed>
        <dvd-allowed>true</dvd-allowed>
        <min-height>0</min-height>
    </filter>
    <filter>
        <name>c2.android.g711.alaw.decoder</name>
        <allowed>true</allowed>
        <stills-allowed>false</stills-allowed>
        <dvd-allowed>true</dvd-allowed>
        <min-height>0</min-height>
    </filter>
    <filter>
        <name>c2.android.g711.mlaw.decoder</name>
        <allowed>true</allowed>
        <stills-allowed>false</stills-allowed>
        <dvd-allowed>true</dvd-allowed>
        <min-height>0</min-height>
    </filter>
    <filter>
        <name>c2.android.h263.decoder</name>
        <allowed>true</allowed>
        <stills-allowed>false</stills-allowed>
        <dvd-allowed>true</dvd-allowed>
        <min-height>720</min-height>
    </filter>
    <filter>
        <name>c2.android.hevc.decoder</name>
        <allowed>true</allowed>
        <stills-allowed>false</stills-allowed>
        <dvd-allowed>true</dvd-allowed>
        <min-height>0</min-height>
    </filter>
    <filter>
        <name>c2.android.mp3.decoder</name>
        <allowed>true</allowed>
        <stills-allowed>false</stills-allowed>
        <dvd-allowed>true</dvd-allowed>
        <min-height>0</min-height>
    </filter>
    <filter>
        <name>c2.android.mpeg4.decoder</name>
        <allowed>true</allowed>
        <stills-allowed>false</stills-allowed>
        <dvd-allowed>true</dvd-allowed>
        <min-height>720</min-height>
    </filter>
    <filter>
        <name>c2.android.opus.decoder</name>
        <allowed>true</allowed>
        <stills-allowed>false</stills-allowed>
        <dvd-allowed>true</dvd-allowed>
        <min-height>0</min-height>
    </filter>
    <filter>
        <name>c2.android.raw.decoder</name>
        <allowed>true</allowed>
        <stills-allowed>false</stills-allowed>
        <dvd-allowed>true</dvd-allowed>
        <min-height>0</min-height>
    </filter>
    <filter>
        <name>c2.android.vorbis.decoder</name>
        <allowed>true</allowed>
        <stills-allowed>false</stills-allowed>
        <dvd-allowed>true</dvd-allowed>
        <min-height>0</min-height>
    </filter>
    <filter>
        <name>c2.android.vp8.decoder</name>
        <allowed>true</allowed>
        <stills-allowed>false</stills-allowed>
        <dvd-allowed>true</dvd-allowed>
        <min-height>0</min-height>
    </filter>
</decoderfilter>
