<?xml version="1.0" encoding="UTF-8" standalone="yes"?>
<addon id="service.subtitles.opensubtitles"
       name="[COLOR blue]Tìm Phụ Đề[/COLOR]"
       version="5.5.3"
       provider-name="peno64, moham96, amet, opensubtitles">
  <requires>
    <import addon="script.module.pysubs2" version="0.1.0"/>
    <import addon="script.module.chardet" />
  </requires>
  <extension point="xbmc.subtitle.module"
             library="service.py" />
  <extension point="xbmc.addon.metadata">
    <summary>OpenSubtitles by OpenSubtitles.org with dual subs</summary>
    <description lang="en">Tìm kiếm và tải xuống phụ đề phim và phim truyền hình ẩn danh từ OpenSubtitles.org mà không cần đăng nhập. Có thể chọn 2 phụ đề sẽ được hiển thị đồng thời. Tìm kiếm bằng 75 ngôn ngữ, hơn 4.000.000 phụ đề, cập nhật hàng ngày.</description>
    <disclaimer>Hoạt động mà không cần đăng nhập</disclaimer>
	<news>
Nguyễn Đức Thăng 0374201353
	</news>
    <platform>all</platform>
	<language></language>
    <license>GNU GENERAL PUBLIC LICENSE. Version 2, June 1991</license>
    <forum>https://forum.opensubtitles.org/viewtopic.php?f=8&amp;t=15847</forum>
    <website>http://www.opensubtitles.org</website>
	<assets>
	    <icon>resources/media/os_logo_512x512.png</icon>
	    <fanart>resources/media/os_fanart.jpg</fanart>
		<screenshot>resources/media/screenshot_1.jpg</screenshot>
		<screenshot>resources/media/screenshot_2.jpg</screenshot>
		<screenshot>resources/media/screenshot_3.jpg</screenshot>
	</assets>
    <source>https://github.com/peno64/service.subtitles.opensubtitles_by_opensubtitles_dualsub</source>
  </extension>
</addon>
