<sources>
    <programs>
        <default pathversion="1"></default>
    </programs>
    <video>
        <default pathversion="1"></default>
    </video>
    <music>
        <default pathversion="1"></default>
    </music>
    <pictures>
        <default pathversion="1"></default>
    </pictures>
    <files>
        <default pathversion="1"></default>
        <source>
            <name>kodi.ddns.vn</name>
            <path pathversion="1">https://kodi.ddns.vn/</path>
            <allowsharing>true</allowsharing>
        </source>
        <source>
            <name>iptv.cameraddns.net</name>
            <path pathversion="1">https://iptv.cameraddns.net/kodi/zips/</path>
            <allowsharing>true</allowsharing>
        </source>
        <source>
            <name>A Thăng</name>
            <path pathversion="1">https://thangmath.github.io/</path>
            <allowsharing>true</allowsharing>
        </source>
        <source>
            <name>Bộ nhớ máy</name>
            <path pathversion="1">/storage/emulated/0/</path>
            <allowsharing>true</allowsharing>
        </source>
        <source>
            <name>Dữ liệu Kodi</name>
            <path pathversion="1">special://home/</path>
            <allowsharing>true</allowsharing>
        </source>
    </files>
    <games>
        <default pathversion="1"></default>
    </games>
</sources>
