<?xml version="1.0" encoding="UTF-8" standalone="yes"?>
<addon id="plugin.Tool-KODIVN" name="[COLOR yellow][B] TOOL-KODIVN [/B][/COLOR] [COLOR yellow][B][/B][/COLOR]" version="5.0.0" provider-name="PHAPTX5">
    <requires>
        <import addon="xbmc.python" version="3.0.0" />
        <import addon="script.module.requests"/>
    </requires>
    
    <extension point="xbmc.python.pluginsource" library="default.py">
        <provides>executable</provides>
    </extension>
    
    <extension point="xbmc.addon.metadata">
        <summary lang="en">TOOL-KODIVN</summary>
<description lang="en">
</description>
    <platform>all</platform>
        <assets>
            <icon>icon.png</icon>
            <fanart>fanart.jpg</fanart>
        </assets>
    </extension>
</addon>
