<?xml version="1.0" encoding="UTF-8" standalone="yes"?>
<addon id="plugin.video.phim4k" version="2.1.5" name="Phim4K VIP" provider-name="Phim4K Team">
    <requires>
        <import addon="xbmc.python" version="3.0.1"/>
    </requires>
    <extension point="xbmc.python.pluginsource" library="default.py">
        <provides>video</provides>
        <reuselanguageinvoker>true</reuselanguageinvoker>
    </extension>
    <extension point="xbmc.addon.metadata">
        <summary lang="en_GB">Phim4K Client &amp; Multi-Source Player</summary>
        <description lang="en_GB">Watch movies from Phim4K (VIP) and other free sources (JSON). Based on Film Free JSON.</description>
        <platform>all</platform>
        <assets>
            <icon>resources/icon.png</icon>
            <fanart>resources/fanart.jpg</fanart>
        </assets>
    </extension>
</addon>
