﻿<?xml version="1.0" encoding="UTF-8" standalone="yes"?>
<addon id="script.xbmcbackup"
    name="Sao lưu & Khôi phục" version="1.7.2" provider-name="thangmath">
  <requires>
    <import addon="xbmc.python" version="3.0.0"/>
    <import addon="script.module.dateutil" version="2.8.0" />
    <import addon="script.module.future" version="0.18.2+matrix.1" />
    <import addon="script.module.dropbox" version="10.3.1" />
    <import addon="script.module.pyqrcode" version="1.2.1+matrix.1" />
  </requires>
  <extension point="xbmc.python.script" library="default.py">
     <provides>executable</provides>
  </extension>
  <extension point="xbmc.service" library="service.py" />
  <extension point="xbmc.addon.metadata">
    <platform>all</platform>
    <license>MIT</license>
    <forum>https://forum.kodi.tv/showthread.php?tid=129499</forum>
    <source>https://thangmath.github.io</source>
    <assets>
    	<icon>resources/images/icon.png</icon>
		<screenshot>resources/images/1.jpg</screenshot>
		<screenshot>resources/images/2.jpg</screenshot>
		<screenshot>resources/images/3.jpg</screenshot>
    </assets>
    <news>Phải cài đầu tiên cho Kodi
Khôi phục được đầy đủ dữ liệu
Bản chỉnh sửa của Nguyễn Đức Thăng
</news>
    <summary lang="en_GB">Sao lưu và khôi phục dữ liệu khi cài mới.</summary>
    <summary lang="vi_VN">Sao lưu và khôi phục dữ liệu khi cài mới.</summary>
    <description lang="en_GB">Tiện ích đầu tiên bạn nên cài để khôi phục lại dữ liệu cũ của mình, hoặc cài cho máy mới. Có thể đăng nhập Dropbox và sao lưu lên đó, rồi upload file lên github chính của bạn, để dùng cho sau này!</description>
    <description lang="vi_VN">Tiện ích đầu tiên bạn nên cài để khôi phục lại dữ liệu cũ của mình, hoặc cài cho máy mới. Có thể đăng nhập Dropbox và sao lưu lên đó, rồi upload file lên github chính của bạn, để dùng cho sau này!</description>
  </extension>
</addon>
